{
  "custom": {
    "payload": {},
    "value": {}
  },
  "params": {
    "allowCustomOptions": false,
    "column": "",
    "isRequired": false,
    "options": {
      "$": [
        "ds",
        192,
        1681186303474
      ],
      "$columns": [
        {
          "data": [
            "Computer 1",
            "Forklift 1",
            "Machine 1",
            "Machine 2",
            "Printer 1",
            "Server 1"
          ],
          "name": "label",
          "type": "String"
        },
        {
          "data": [
            4,
            3,
            1,
            2,
            5,
            6
          ],
          "name": "value",
          "type": "Integer"
        }
      ]
    },
    "rowData": {},
    "rowIndex": "",
    "showClearIcon": false,
    "source": "",
    "value": ""
  },
  "propConfig": {
    "custom.payload": {
      "persistent": true
    },
    "custom.payload.action": {
      "binding": {
        "config": {
          "path": "view.custom.value.action"
        },
        "type": "property"
      }
    },
    "custom.payload.column": {
      "binding": {
        "config": {
          "path": "view.params.column"
        },
        "type": "property"
      }
    },
    "custom.payload.newValue": {
      "binding": {
        "config": {
          "path": "/root/Dropdown.props.value"
        },
        "type": "property"
      }
    },
    "custom.payload.rowData": {
      "binding": {
        "config": {
          "path": "view.params.rowData"
        },
        "type": "property"
      }
    },
    "custom.payload.rowIndex": {
      "binding": {
        "config": {
          "expression": "{view.params.rowIndex}"
        },
        "type": "expr"
      }
    },
    "custom.payload.source": {
      "binding": {
        "config": {
          "path": "view.params.source"
        },
        "type": "property"
      }
    },
    "custom.value": {
      "persistent": true
    },
    "custom.value.action": {
      "binding": {
        "config": {
          "expression": "COALESCE({view.params.value.action},\"update\")"
        },
        "type": "expr"
      }
    },
    "custom.value.display": {
      "binding": {
        "config": {
          "expression": "COALESCE({view.params.value.display},True)"
        },
        "type": "expr"
      }
    },
    "custom.value.enabled": {
      "binding": {
        "config": {
          "expression": "COALESCE({view.params.value.enabled},True)"
        },
        "type": "expr"
      }
    },
    "custom.value.value": {
      "binding": {
        "config": {
          "expression": "try({view.params.value}[\"value\"],{view.params.value})"
        },
        "type": "expr"
      }
    },
    "params.allowCustomOptions": {
      "paramDirection": "input",
      "persistent": true
    },
    "params.column": {
      "paramDirection": "input",
      "persistent": true
    },
    "params.isRequired": {
      "paramDirection": "input",
      "persistent": true
    },
    "params.options": {
      "paramDirection": "input",
      "persistent": true
    },
    "params.rowData": {
      "paramDirection": "input",
      "persistent": true
    },
    "params.rowIndex": {
      "paramDirection": "input",
      "persistent": true
    },
    "params.showClearIcon": {
      "paramDirection": "input",
      "persistent": true
    },
    "params.source": {
      "paramDirection": "input",
      "persistent": true
    },
    "params.value": {
      "paramDirection": "input",
      "persistent": true
    }
  },
  "props": {
    "defaultSize": {
      "height": 50,
      "width": 200
    }
  },
  "root": {
    "children": [
      {
        "events": {
          "component": {
            "onActionPerformed": {
              "config": {
                "script": "\tpayload \u003d self.view.custom.payload\n\tsystem.perspective.sendMessage(\"ColumnAction\",payload,\"page\")"
              },
              "scope": "G",
              "type": "script"
            }
          }
        },
        "meta": {
          "name": "Dropdown"
        },
        "position": {
          "basis": "36px",
          "grow": 1
        },
        "propConfig": {
          "position.display": {
            "binding": {
              "config": {
                "expression": "{view.custom.value.display}"
              },
              "type": "expr"
            }
          },
          "props.allowCustomOptions": {
            "binding": {
              "config": {
                "path": "view.params.allowCustomOptions"
              },
              "type": "property"
            }
          },
          "props.enabled": {
            "binding": {
              "config": {
                "expression": "{view.custom.value.enabled}"
              },
              "type": "expr"
            }
          },
          "props.options": {
            "binding": {
              "config": {
                "expression": "{view.params.options}"
              },
              "type": "expr"
            }
          },
          "props.showClearIcon": {
            "binding": {
              "config": {
                "path": "view.params.showClearIcon"
              },
              "type": "property"
            }
          },
          "props.style.classes": {
            "binding": {
              "config": {
                "expression": "if(!{this.props.enabled},\"tableInputField__disabled\",\r\n\tcase({this.props.value},\r\n\tnull, if({view.params.isRequired},\"tableInputField__required\",\"tableInputField\"),\r\n\t\"\", if({view.params.isRequired},\"tableInputField__required\",\"tableInputField\"),\r\n\t-1, if({view.params.isRequired},\"tableInputField__required\",\"tableInputField\"),\r\n\t\"tableInputField\"\r\n\t)\r\n)"
              },
              "type": "expr"
            }
          },
          "props.value": {
            "binding": {
              "config": {
                "expression": "{view.custom.value.value}"
              },
              "type": "expr"
            }
          }
        },
        "props": {
          "style": {}
        },
        "type": "ia.input.dropdown"
      }
    ],
    "meta": {
      "name": "root"
    },
    "props": {
      "direction": "column"
    },
    "type": "ia.container.flex"
  }
}