{
  "custom": {},
  "params": {},
  "props": {
    "defaultSize": {
      "width": 1215
    }
  },
  "root": {
    "children": [
      {
        "children": [
          {
            "events": {
              "component": {
                "onActionPerformed": {
                  "config": {
                    "script": "\ttable \u003d self.parent.parent.getChild(\"Table\")\n\tcolumns \u003d table.props.columns\n\trowStyle \u003d {\u0027background-color\u0027:\u0027var(--warningSecondary)\u0027}\n\tnewRow \u003d {}\n\t\n\tfor col in columns:\n\t\tnewRow[col.field] \u003d {\"value\": None, \"action\":\"update\", \"enabled\":True, \"display\":True, \"style\":rowStyle}\n\t\n\tnewRow[\"updateMe\"] \u003d True\n\tnewRow[\"deleteMe\"] \u003d False\n\t\n\tself.parent.parent.getChild(\"Table\").props.data.append(newRow)"
                  },
                  "scope": "G",
                  "type": "script"
                }
              }
            },
            "meta": {
              "name": "Button"
            },
            "position": {
              "basis": "120px",
              "shrink": 0
            },
            "props": {
              "image": {
                "icon": {
                  "path": "material/add"
                }
              },
              "text": "Add"
            },
            "type": "ia.input.button"
          },
          {
            "events": {
              "component": {
                "onActionPerformed": {
                  "config": {
                    "script": "\ttable \u003d self.parent.parent.getChild(\"Table\")\n\tcolumns \u003d table.props.columns\n\tselectedRow \u003d table.props.selection.selectedRow\n\tdata \u003d table.props.data\n\t\n\tif selectedRow is None:\n\t\tpass\n\t\n\telif data[selectedRow][\"equipment_id\"][\"value\"] is None:\n\t\tdel table.props.data[selectedRow]\n\t\t\n\telse:\n\t\ttable.props.data[selectedRow][\"deleteMe\"] \u003d True\n\t\t\n\t\tfor col in columns:\n\t\t\tcolName \u003d col.field\n\t\t\ttable.props.data[selectedRow][colName][\"style\"][\"background-color\"] \u003d \"var(--error)\""
                  },
                  "scope": "G",
                  "type": "script"
                }
              }
            },
            "meta": {
              "name": "Button_0"
            },
            "position": {
              "basis": "120px",
              "shrink": 0
            },
            "props": {
              "image": {
                "icon": {
                  "path": "material/delete_outline"
                }
              },
              "primary": false,
              "text": "Delete"
            },
            "type": "ia.input.button"
          },
          {
            "events": {
              "component": {
                "onActionPerformed": {
                  "config": {
                    "script": "\ttable \u003d self.parent.parent.getChild(\"Table\")\n\ttable.refreshBinding(\"props.data\")\n\ttable.props.selection.selectedRow \u003d None\n\ttable.props.selection.selectedColumn \u003d None"
                  },
                  "scope": "G",
                  "type": "script"
                }
              }
            },
            "meta": {
              "name": "Button_2"
            },
            "position": {
              "basis": "50px",
              "shrink": 0
            },
            "props": {
              "image": {
                "icon": {
                  "path": "material/sync"
                }
              },
              "primary": false,
              "text": ""
            },
            "type": "ia.input.button"
          },
          {
            "events": {
              "component": {
                "onActionPerformed": {
                  "config": {
                    "script": "#\tBe aware, there is no validation checking in this script. \n#\tYou will receive an error if you attempt to save invalid values.\n\t\n\tuserID \u003d self.session.props.auth.user.id\n\ttstamp \u003d system.date.now()\n\ttable \u003d self.parent.parent.getChild(\"Table\")\n\tdata \u003d table.props.data\n\tcolumns \u003d table.props.columns\n\t\n\ttxID \u003d system.db.beginTransaction(database\u003d\"dev\", timeout\u003d5000)\n\t\n\ttry:\n\t\tfor row in data:\n\t\t\tequipment_id \u003d row[\"equipment_id\"][\"value\"]\n\t\t\tdeleteMe \u003d row[\"deleteMe\"]\n\t\t\tupdateMe \u003d row[\"updateMe\"]\n\t\t\t\n\t\t\tif deleteMe:\n\t\t\t\targs \u003d [userID, tstamp, equipment_id]\n\t\t\t\tquery \u003d \"\"\"\n\t\t\t\tUPDATE org_equipment\n\t\t\t\tSET \n\t\t\t\t\tequipment_status \u003d \u0027Deleted\u0027,\n\t\t\t\t\tfk_update_user_id \u003d ?,\n\t\t\t\t\tupdate_tstamp \u003d ?\n\t\t\t\tWHERE equipment_id \u003d ?\n\t\t\t\t\"\"\"\n\t\t\t\tsystem.db.runPrepUpdate(query, args, tx\u003dtxID)\n#\tinsert \n\t\t\telif equipment_id is None:\n\t\t\t\ttemp \u003d []\n\t\t\t\targs \u003d []\n\t\t\t\tfor col in columns:\n\t\t\t\t\tif col.field \u003d\u003d \"equipment_id\":\n\t\t\t\t\t\tpass\n\t\t\t\t\telif col.field \u003d\u003d \"fk_insert_user_id\":\n\t\t\t\t\t\targs.append(userID)\n\t\t\t\t\t\ttemp.append(col.field)\n\t\t\t\t\telif col.field \u003d\u003d \"insert_tstamp\":\n\t\t\t\t\t\targs.append(tstamp)\n\t\t\t\t\t\ttemp.append(col.field)\n\t\t\t\t\telse:\n\t\t\t\t\t\targs.append(row[col.field][\"value\"])\n\t\t\t\t\t\ttemp.append(col.field)\n\t\t\t\t\n\t\t\t\tcolumnString \u003d \",\".join(temp)\n\t\t\t\tvalueString \u003d \",\".join([\"?\" for col in temp])\n\t\t\t\tquery \u003d \"\"\"\n\t\t\t\tINSERT INTO org_equipment\n\t\t\t\t({}) VALUES ({})\n\t\t\t\t\"\"\".format(columnString, valueString)\n\t\t\t\tsystem.db.runPrepUpdate(query, args, tx\u003dtxID)\n#\tupdate\n\t\t\telif updateMe:\n\t\t\t\ttemp \u003d []\n\t\t\t\targs \u003d []\n\t\t\t\tfor col in columns:\n\t\t\t\t\tif col.field \u003d\u003d \"equipment_id\":\n\t\t\t\t\t\tpass\n\t\t\t\t\telif col.field \u003d\u003d \"fk_update_user_id\":\n\t\t\t\t\t\targs.append(userID)\n\t\t\t\t\t\ttemp.append(\"{}\u003d?\".format(col.field))\n\t\t\t\t\telif col.field \u003d\u003d \"update_tstamp\":\n\t\t\t\t\t\targs.append(tstamp)\n\t\t\t\t\t\ttemp.append(\"{}\u003d?\".format(col.field))\n\t\t\t\t\telse:\n\t\t\t\t\t\targs.append(row[col.field][\"value\"])\n\t\t\t\t\t\ttemp.append(\"{}\u003d?\".format(col.field))\n\t\t\t\targs.append(equipment_id)\n\t\t\t\tquery \u003d \"\"\"\n\t\t\t\tUPDATE org_equipment\n\t\t\t\tSET {}\n\t\t\t\tWHERE \n\t\t\t\t\tequipment_id \u003d ?\n\t\t\t\t\"\"\".format(\",\".join(temp))\n\t\t\t\tsystem.db.runPrepUpdate(query, args, tx\u003dtxID)\n\t\t\t\t\n\t\tsystem.db.commitTransaction(txID)\n\t\tsystem.perspective.print(\"commit tx\")\n\t\t\n\texcept Exception as e:\n\t\tsystem.db.rollbackTransaction(txID)\n\t\tsystem.perspective.print(\"rollback tx \\n{}\".format(e))\n\t\t\n\tfinally:\n\t\tsystem.db.closeTransaction(txID)\n\t\tsystem.perspective.print(\"close tx\")\n\t\tself.parent.parent.getChild(\"Table\").refreshBinding(\"props.data\")"
                  },
                  "scope": "G",
                  "type": "script"
                }
              }
            },
            "meta": {
              "contextMenu": {
                "items": [
                  {
                    "children": [],
                    "icon": {
                      "color": "",
                      "path": "",
                      "style": {}
                    },
                    "link": {
                      "target": "self",
                      "url": ""
                    },
                    "message": {
                      "payload": {},
                      "scope": "page",
                      "type": ""
                    },
                    "method": {
                      "name": "",
                      "params": {}
                    },
                    "style": {
                      "classes": ""
                    },
                    "text": "menu-item",
                    "type": "method"
                  }
                ]
              },
              "name": "Button_1"
            },
            "position": {
              "basis": "120px",
              "shrink": 0
            },
            "props": {
              "image": {
                "icon": {
                  "path": "material/done"
                }
              },
              "style": {
                "margin-left": "auto"
              },
              "text": "Save"
            },
            "type": "ia.input.button"
          }
        ],
        "meta": {
          "name": "FlexContainer"
        },
        "position": {
          "basis": "50px",
          "shrink": 0
        },
        "props": {
          "style": {
            "gap": "20px",
            "margin": "20px 0",
            "overflow": "visible"
          }
        },
        "type": "ia.container.flex"
      },
      {
        "custom": {
          "tableID": 1
        },
        "meta": {
          "contextMenu": {
            "enabled": true,
            "items": [
              {
                "children": [],
                "icon": {
                  "color": "",
                  "path": "",
                  "style": {}
                },
                "link": {
                  "target": "self",
                  "url": ""
                },
                "message": {
                  "payload": {},
                  "scope": "page",
                  "type": ""
                },
                "method": {
                  "name": "",
                  "params": {}
                },
                "style": {
                  "classes": ""
                },
                "text": "hello",
                "type": "link"
              }
            ]
          },
          "name": "Table"
        },
        "position": {
          "basis": "400px",
          "grow": 1
        },
        "propConfig": {
          "props.data": {
            "binding": {
              "config": {
                "queryPath": "cmms/getEquipmentTable"
              },
              "transforms": [
                {
                  "code": "\tcolumns \u003d self.SetColumns(value)\n\toutput \u003d []\n\t\n\tfor row in range(value.getRowCount()):\n\t\trow_value \u003d {\"updateMe\": False, \"deleteMe\": False}\n\t\t\n\t\tfor col in columns:\n\t\t\tcolName \u003d col[\"field\"]\n\t\t\tcellValue \u003d value.getValueAt(row,colName)\n\t\t\trow_value[colName] \u003d {\"value\": cellValue, \"action\":\"update\", \"enabled\":True, \"display\":True, \"style\":{}}\n\t\t\tif colName \u003d\u003d \"equipment_name\":\n\t\t\t\trow_value[colName][\"enabled\"] \u003d False\n\t\t\t\n\t\toutput.append(row_value)\n\t\t\n\treturn output",
                  "type": "script"
                }
              ],
              "type": "query"
            }
          }
        },
        "props": {
          "columns": [
            {
              "align": "center",
              "boolean": "checkbox",
              "dateFormat": "MM/DD/YYYY",
              "editable": false,
              "field": "equipment_id",
              "filter": {
                "boolean": {
                  "condition": ""
                },
                "date": {
                  "condition": "",
                  "value": ""
                },
                "enabled": true,
                "number": {
                  "condition": "",
                  "value": ""
                },
                "string": {
                  "condition": "",
                  "value": ""
                },
                "visible": "on-hover"
              },
              "footer": {
                "align": "center",
                "justify": "left",
                "style": {
                  "classes": ""
                },
                "title": ""
              },
              "header": {
                "align": "center",
                "justify": "left",
                "style": {
                  "classes": ""
                },
                "title": ""
              },
              "justify": "auto",
              "nullFormat": {
                "includeNullStrings": false,
                "nullFormatValue": "",
                "strict": false
              },
              "number": "value",
              "numberFormat": "0,0.##",
              "progressBar": {
                "bar": {
                  "color": "",
                  "style": {
                    "classes": ""
                  }
                },
                "max": 100,
                "min": 0,
                "track": {
                  "color": "",
                  "style": {
                    "classes": ""
                  }
                },
                "value": {
                  "enabled": true,
                  "format": "0,0.##",
                  "justify": "center",
                  "style": {
                    "classes": ""
                  }
                }
              },
              "render": "auto",
              "resizable": true,
              "sort": "none",
              "sortable": true,
              "strictWidth": false,
              "style": {
                "classes": ""
              },
              "toggleSwitch": {
                "color": {
                  "selected": "",
                  "unselected": ""
                }
              },
              "viewParams": {},
              "viewPath": "",
              "visible": false,
              "width": ""
            },
            {
              "align": "center",
              "boolean": "checkbox",
              "dateFormat": "MM/DD/YYYY",
              "editable": false,
              "field": "equipment_name",
              "filter": {
                "boolean": {
                  "condition": ""
                },
                "date": {
                  "condition": "",
                  "value": ""
                },
                "enabled": true,
                "number": {
                  "condition": "",
                  "value": ""
                },
                "string": {
                  "condition": "",
                  "value": ""
                },
                "visible": "on-hover"
              },
              "footer": {
                "align": "center",
                "justify": "left",
                "style": {
                  "classes": ""
                },
                "title": ""
              },
              "header": {
                "align": "center",
                "justify": "left",
                "style": {
                  "classes": ""
                },
                "title": "Equipment"
              },
              "justify": "auto",
              "nullFormat": {
                "includeNullStrings": false,
                "nullFormatValue": "",
                "strict": false
              },
              "number": "value",
              "numberFormat": "0,0.##",
              "progressBar": {
                "bar": {
                  "color": "",
                  "style": {
                    "classes": ""
                  }
                },
                "max": 100,
                "min": 0,
                "track": {
                  "color": "",
                  "style": {
                    "classes": ""
                  }
                },
                "value": {
                  "enabled": true,
                  "format": "0,0.##",
                  "justify": "center",
                  "style": {
                    "classes": ""
                  }
                }
              },
              "render": "view",
              "resizable": true,
              "sort": "none",
              "sortable": true,
              "strictWidth": false,
              "style": {
                "classes": ""
              },
              "toggleSwitch": {
                "color": {
                  "selected": "",
                  "unselected": ""
                }
              },
              "viewParams": {
                "isRequired": true,
                "source": 1
              },
              "viewPath": "common/embed/textfield",
              "visible": true,
              "width": ""
            },
            {
              "align": "center",
              "boolean": "checkbox",
              "dateFormat": "MM/DD/YYYY",
              "editable": false,
              "field": "equipment_description",
              "filter": {
                "boolean": {
                  "condition": ""
                },
                "date": {
                  "condition": "",
                  "value": ""
                },
                "enabled": true,
                "number": {
                  "condition": "",
                  "value": ""
                },
                "string": {
                  "condition": "",
                  "value": ""
                },
                "visible": "on-hover"
              },
              "footer": {
                "align": "center",
                "justify": "left",
                "style": {
                  "classes": ""
                },
                "title": ""
              },
              "header": {
                "align": "center",
                "justify": "left",
                "style": {
                  "classes": ""
                },
                "title": "Description"
              },
              "justify": "auto",
              "nullFormat": {
                "includeNullStrings": false,
                "nullFormatValue": "",
                "strict": false
              },
              "number": "value",
              "numberFormat": "0,0.##",
              "progressBar": {
                "bar": {
                  "color": "",
                  "style": {
                    "classes": ""
                  }
                },
                "max": 100,
                "min": 0,
                "track": {
                  "color": "",
                  "style": {
                    "classes": ""
                  }
                },
                "value": {
                  "enabled": true,
                  "format": "0,0.##",
                  "justify": "center",
                  "style": {
                    "classes": ""
                  }
                }
              },
              "render": "view",
              "resizable": true,
              "sort": "none",
              "sortable": true,
              "strictWidth": false,
              "style": {
                "classes": ""
              },
              "toggleSwitch": {
                "color": {
                  "selected": "",
                  "unselected": ""
                }
              },
              "viewParams": {
                "isRequired": false,
                "source": 1
              },
              "viewPath": "common/embed/textfield",
              "visible": true,
              "width": ""
            },
            {
              "align": "center",
              "boolean": "checkbox",
              "dateFormat": "MM/DD/YYYY",
              "editable": false,
              "field": "equipment_type",
              "filter": {
                "boolean": {
                  "condition": ""
                },
                "date": {
                  "condition": "",
                  "value": ""
                },
                "enabled": true,
                "number": {
                  "condition": "",
                  "value": ""
                },
                "string": {
                  "condition": "",
                  "value": ""
                },
                "visible": "on-hover"
              },
              "footer": {
                "align": "center",
                "justify": "left",
                "style": {
                  "classes": ""
                },
                "title": ""
              },
              "header": {
                "align": "center",
                "justify": "left",
                "style": {
                  "classes": ""
                },
                "title": "Type"
              },
              "justify": "auto",
              "nullFormat": {
                "includeNullStrings": false,
                "nullFormatValue": "",
                "strict": false
              },
              "number": "value",
              "numberFormat": "0,0.##",
              "progressBar": {
                "bar": {
                  "color": "",
                  "style": {
                    "classes": ""
                  }
                },
                "max": 100,
                "min": 0,
                "track": {
                  "color": "",
                  "style": {
                    "classes": ""
                  }
                },
                "value": {
                  "enabled": true,
                  "format": "0,0.##",
                  "justify": "center",
                  "style": {
                    "classes": ""
                  }
                }
              },
              "render": "view",
              "resizable": true,
              "sort": "none",
              "sortable": true,
              "strictWidth": false,
              "style": {
                "classes": ""
              },
              "toggleSwitch": {
                "color": {
                  "selected": "",
                  "unselected": ""
                }
              },
              "viewParams": {
                "allowCustomOptions": true,
                "isRequired": true,
                "options": {
                  "$": [
                    "ds",
                    192,
                    1684539936000
                  ],
                  "$columns": [
                    {
                      "data": [
                        "Computer",
                        "Drilling Machine",
                        "Forklift",
                        "Lathe Machine",
                        "Printer",
                        "Server"
                      ],
                      "name": "value",
                      "type": "String"
                    },
                    {
                      "data": [
                        "Computer",
                        "Drilling Machine",
                        "Forklift",
                        "Lathe Machine",
                        "Printer",
                        "Server"
                      ],
                      "name": "label",
                      "type": "String"
                    }
                  ]
                },
                "showClearIcon": false,
                "source": 1
              },
              "viewPath": "common/embed/dropdown",
              "visible": true,
              "width": ""
            },
            {
              "align": "center",
              "boolean": "checkbox",
              "dateFormat": "MM/DD/YYYY",
              "editable": false,
              "field": "equipment_status",
              "filter": {
                "boolean": {
                  "condition": ""
                },
                "date": {
                  "condition": "",
                  "value": ""
                },
                "enabled": true,
                "number": {
                  "condition": "",
                  "value": ""
                },
                "string": {
                  "condition": "",
                  "value": ""
                },
                "visible": "on-hover"
              },
              "footer": {
                "align": "center",
                "justify": "left",
                "style": {
                  "classes": ""
                },
                "title": ""
              },
              "header": {
                "align": "center",
                "justify": "left",
                "style": {
                  "classes": ""
                },
                "title": "Status"
              },
              "justify": "auto",
              "nullFormat": {
                "includeNullStrings": false,
                "nullFormatValue": "",
                "strict": false
              },
              "number": "value",
              "numberFormat": "0,0.##",
              "progressBar": {
                "bar": {
                  "color": "",
                  "style": {
                    "classes": ""
                  }
                },
                "max": 100,
                "min": 0,
                "track": {
                  "color": "",
                  "style": {
                    "classes": ""
                  }
                },
                "value": {
                  "enabled": true,
                  "format": "0,0.##",
                  "justify": "center",
                  "style": {
                    "classes": ""
                  }
                }
              },
              "render": "view",
              "resizable": true,
              "sort": "none",
              "sortable": true,
              "strictWidth": false,
              "style": {
                "classes": ""
              },
              "toggleSwitch": {
                "color": {
                  "selected": "",
                  "unselected": ""
                }
              },
              "viewParams": {
                "allowCustomOptions": false,
                "isRequired": true,
                "options": {
                  "$": [
                    "ds",
                    192,
                    1684539936000
                  ],
                  "$columns": [
                    {
                      "data": [
                        "Pending",
                        "Active",
                        "Inactive"
                      ],
                      "name": "value",
                      "type": "String"
                    },
                    {
                      "data": [
                        "Pending",
                        "Active",
                        "Inactive"
                      ],
                      "name": "label",
                      "type": "String"
                    }
                  ]
                },
                "showClearIcon": false,
                "source": 1
              },
              "viewPath": "common/embed/dropdown",
              "visible": true,
              "width": ""
            },
            {
              "align": "center",
              "boolean": "checkbox",
              "dateFormat": "MM/DD/YYYY",
              "editable": false,
              "field": "memo",
              "filter": {
                "boolean": {
                  "condition": ""
                },
                "date": {
                  "condition": "",
                  "value": ""
                },
                "enabled": true,
                "number": {
                  "condition": "",
                  "value": ""
                },
                "string": {
                  "condition": "",
                  "value": ""
                },
                "visible": "on-hover"
              },
              "footer": {
                "align": "center",
                "justify": "left",
                "style": {
                  "classes": ""
                },
                "title": ""
              },
              "header": {
                "align": "center",
                "justify": "left",
                "style": {
                  "classes": ""
                },
                "title": "Memo"
              },
              "justify": "auto",
              "nullFormat": {
                "includeNullStrings": false,
                "nullFormatValue": "",
                "strict": false
              },
              "number": "value",
              "numberFormat": "0,0.##",
              "progressBar": {
                "bar": {
                  "color": "",
                  "style": {
                    "classes": ""
                  }
                },
                "max": 100,
                "min": 0,
                "track": {
                  "color": "",
                  "style": {
                    "classes": ""
                  }
                },
                "value": {
                  "enabled": true,
                  "format": "0,0.##",
                  "justify": "center",
                  "style": {
                    "classes": ""
                  }
                }
              },
              "render": "view",
              "resizable": true,
              "sort": "none",
              "sortable": true,
              "strictWidth": false,
              "style": {
                "classes": ""
              },
              "toggleSwitch": {
                "color": {
                  "selected": "",
                  "unselected": ""
                }
              },
              "viewParams": {
                "isRequired": false,
                "source": 1
              },
              "viewPath": "common/embed/textfield",
              "visible": true,
              "width": ""
            },
            {
              "align": "center",
              "boolean": "checkbox",
              "dateFormat": "MM/DD/YYYY",
              "editable": false,
              "field": "manufactuer",
              "filter": {
                "boolean": {
                  "condition": ""
                },
                "date": {
                  "condition": "",
                  "value": ""
                },
                "enabled": true,
                "number": {
                  "condition": "",
                  "value": ""
                },
                "string": {
                  "condition": "",
                  "value": ""
                },
                "visible": "on-hover"
              },
              "footer": {
                "align": "center",
                "justify": "left",
                "style": {
                  "classes": ""
                },
                "title": ""
              },
              "header": {
                "align": "center",
                "justify": "left",
                "style": {
                  "classes": ""
                },
                "title": ""
              },
              "justify": "auto",
              "nullFormat": {
                "includeNullStrings": false,
                "nullFormatValue": "",
                "strict": false
              },
              "number": "value",
              "numberFormat": "0,0.##",
              "progressBar": {
                "bar": {
                  "color": "",
                  "style": {
                    "classes": ""
                  }
                },
                "max": 100,
                "min": 0,
                "track": {
                  "color": "",
                  "style": {
                    "classes": ""
                  }
                },
                "value": {
                  "enabled": true,
                  "format": "0,0.##",
                  "justify": "center",
                  "style": {
                    "classes": ""
                  }
                }
              },
              "render": "auto",
              "resizable": true,
              "sort": "none",
              "sortable": true,
              "strictWidth": false,
              "style": {
                "classes": ""
              },
              "toggleSwitch": {
                "color": {
                  "selected": "",
                  "unselected": ""
                }
              },
              "viewParams": {},
              "viewPath": "",
              "visible": false,
              "width": ""
            },
            {
              "align": "center",
              "boolean": "checkbox",
              "dateFormat": "MM/DD/YYYY",
              "editable": false,
              "field": "model",
              "filter": {
                "boolean": {
                  "condition": ""
                },
                "date": {
                  "condition": "",
                  "value": ""
                },
                "enabled": true,
                "number": {
                  "condition": "",
                  "value": ""
                },
                "string": {
                  "condition": "",
                  "value": ""
                },
                "visible": "on-hover"
              },
              "footer": {
                "align": "center",
                "justify": "left",
                "style": {
                  "classes": ""
                },
                "title": ""
              },
              "header": {
                "align": "center",
                "justify": "left",
                "style": {
                  "classes": ""
                },
                "title": ""
              },
              "justify": "auto",
              "nullFormat": {
                "includeNullStrings": false,
                "nullFormatValue": "",
                "strict": false
              },
              "number": "value",
              "numberFormat": "0,0.##",
              "progressBar": {
                "bar": {
                  "color": "",
                  "style": {
                    "classes": ""
                  }
                },
                "max": 100,
                "min": 0,
                "track": {
                  "color": "",
                  "style": {
                    "classes": ""
                  }
                },
                "value": {
                  "enabled": true,
                  "format": "0,0.##",
                  "justify": "center",
                  "style": {
                    "classes": ""
                  }
                }
              },
              "render": "auto",
              "resizable": true,
              "sort": "none",
              "sortable": true,
              "strictWidth": false,
              "style": {
                "classes": ""
              },
              "toggleSwitch": {
                "color": {
                  "selected": "",
                  "unselected": ""
                }
              },
              "viewParams": {},
              "viewPath": "",
              "visible": false,
              "width": ""
            },
            {
              "align": "center",
              "boolean": "checkbox",
              "dateFormat": "MM/DD/YYYY",
              "editable": false,
              "field": "serialnumber",
              "filter": {
                "boolean": {
                  "condition": ""
                },
                "date": {
                  "condition": "",
                  "value": ""
                },
                "enabled": true,
                "number": {
                  "condition": "",
                  "value": ""
                },
                "string": {
                  "condition": "",
                  "value": ""
                },
                "visible": "on-hover"
              },
              "footer": {
                "align": "center",
                "justify": "left",
                "style": {
                  "classes": ""
                },
                "title": ""
              },
              "header": {
                "align": "center",
                "justify": "left",
                "style": {
                  "classes": ""
                },
                "title": ""
              },
              "justify": "auto",
              "nullFormat": {
                "includeNullStrings": false,
                "nullFormatValue": "",
                "strict": false
              },
              "number": "value",
              "numberFormat": "0,0.##",
              "progressBar": {
                "bar": {
                  "color": "",
                  "style": {
                    "classes": ""
                  }
                },
                "max": 100,
                "min": 0,
                "track": {
                  "color": "",
                  "style": {
                    "classes": ""
                  }
                },
                "value": {
                  "enabled": true,
                  "format": "0,0.##",
                  "justify": "center",
                  "style": {
                    "classes": ""
                  }
                }
              },
              "render": "auto",
              "resizable": true,
              "sort": "none",
              "sortable": true,
              "strictWidth": false,
              "style": {
                "classes": ""
              },
              "toggleSwitch": {
                "color": {
                  "selected": "",
                  "unselected": ""
                }
              },
              "viewParams": {},
              "viewPath": "",
              "visible": false,
              "width": ""
            },
            {
              "align": "center",
              "boolean": "checkbox",
              "dateFormat": "MM/DD/YYYY",
              "editable": false,
              "field": "fk_area_id",
              "filter": {
                "boolean": {
                  "condition": ""
                },
                "date": {
                  "condition": "",
                  "value": ""
                },
                "enabled": true,
                "number": {
                  "condition": "",
                  "value": ""
                },
                "string": {
                  "condition": "",
                  "value": ""
                },
                "visible": "on-hover"
              },
              "footer": {
                "align": "center",
                "justify": "left",
                "style": {
                  "classes": ""
                },
                "title": ""
              },
              "header": {
                "align": "center",
                "justify": "left",
                "style": {
                  "classes": ""
                },
                "title": "Area"
              },
              "justify": "auto",
              "nullFormat": {
                "includeNullStrings": false,
                "nullFormatValue": "",
                "strict": false
              },
              "number": "value",
              "numberFormat": "0,0.##",
              "progressBar": {
                "bar": {
                  "color": "",
                  "style": {
                    "classes": ""
                  }
                },
                "max": 100,
                "min": 0,
                "track": {
                  "color": "",
                  "style": {
                    "classes": ""
                  }
                },
                "value": {
                  "enabled": true,
                  "format": "0,0.##",
                  "justify": "center",
                  "style": {
                    "classes": ""
                  }
                }
              },
              "render": "view",
              "resizable": true,
              "sort": "none",
              "sortable": true,
              "strictWidth": false,
              "style": {
                "classes": ""
              },
              "toggleSwitch": {
                "color": {
                  "selected": "",
                  "unselected": ""
                }
              },
              "viewParams": {
                "allowCustomOptions": false,
                "isRequired": true,
                "options": {
                  "$": [
                    "ds",
                    192,
                    1684539936000
                  ],
                  "$columns": [
                    {
                      "data": [
                        2,
                        3,
                        1,
                        5,
                        4
                      ],
                      "name": "value",
                      "type": "Integer"
                    },
                    {
                      "data": [
                        "Assembly Line 1",
                        "Front Office Building",
                        "Plant 1",
                        "Shipping",
                        "Technology Office Building"
                      ],
                      "name": "label",
                      "type": "String"
                    }
                  ]
                },
                "showClearIcon": false,
                "source": 1
              },
              "viewPath": "common/embed/dropdown",
              "visible": true,
              "width": ""
            },
            {
              "align": "center",
              "boolean": "checkbox",
              "dateFormat": "MM/DD/YYYY",
              "editable": false,
              "field": "fk_workcell_id",
              "filter": {
                "boolean": {
                  "condition": ""
                },
                "date": {
                  "condition": "",
                  "value": ""
                },
                "enabled": true,
                "number": {
                  "condition": "",
                  "value": ""
                },
                "string": {
                  "condition": "",
                  "value": ""
                },
                "visible": "on-hover"
              },
              "footer": {
                "align": "center",
                "justify": "left",
                "style": {
                  "classes": ""
                },
                "title": ""
              },
              "header": {
                "align": "center",
                "justify": "left",
                "style": {
                  "classes": ""
                },
                "title": ""
              },
              "justify": "auto",
              "nullFormat": {
                "includeNullStrings": false,
                "nullFormatValue": "",
                "strict": false
              },
              "number": "value",
              "numberFormat": "0,0.##",
              "progressBar": {
                "bar": {
                  "color": "",
                  "style": {
                    "classes": ""
                  }
                },
                "max": 100,
                "min": 0,
                "track": {
                  "color": "",
                  "style": {
                    "classes": ""
                  }
                },
                "value": {
                  "enabled": true,
                  "format": "0,0.##",
                  "justify": "center",
                  "style": {
                    "classes": ""
                  }
                }
              },
              "render": "auto",
              "resizable": true,
              "sort": "none",
              "sortable": true,
              "strictWidth": false,
              "style": {
                "classes": ""
              },
              "toggleSwitch": {
                "color": {
                  "selected": "",
                  "unselected": ""
                }
              },
              "viewParams": {},
              "viewPath": "",
              "visible": false,
              "width": ""
            },
            {
              "align": "center",
              "boolean": "checkbox",
              "dateFormat": "MM/DD/YYYY",
              "editable": false,
              "field": "fk_insert_user_id",
              "filter": {
                "boolean": {
                  "condition": ""
                },
                "date": {
                  "condition": "",
                  "value": ""
                },
                "enabled": true,
                "number": {
                  "condition": "",
                  "value": ""
                },
                "string": {
                  "condition": "",
                  "value": ""
                },
                "visible": "on-hover"
              },
              "footer": {
                "align": "center",
                "justify": "left",
                "style": {
                  "classes": ""
                },
                "title": ""
              },
              "header": {
                "align": "center",
                "justify": "left",
                "style": {
                  "classes": ""
                },
                "title": ""
              },
              "justify": "auto",
              "nullFormat": {
                "includeNullStrings": false,
                "nullFormatValue": "",
                "strict": false
              },
              "number": "value",
              "numberFormat": "0,0.##",
              "progressBar": {
                "bar": {
                  "color": "",
                  "style": {
                    "classes": ""
                  }
                },
                "max": 100,
                "min": 0,
                "track": {
                  "color": "",
                  "style": {
                    "classes": ""
                  }
                },
                "value": {
                  "enabled": true,
                  "format": "0,0.##",
                  "justify": "center",
                  "style": {
                    "classes": ""
                  }
                }
              },
              "render": "auto",
              "resizable": true,
              "sort": "none",
              "sortable": true,
              "strictWidth": false,
              "style": {
                "classes": ""
              },
              "toggleSwitch": {
                "color": {
                  "selected": "",
                  "unselected": ""
                }
              },
              "viewParams": {},
              "viewPath": "",
              "visible": false,
              "width": ""
            },
            {
              "align": "center",
              "boolean": "checkbox",
              "dateFormat": "MM/DD/YYYY",
              "editable": false,
              "field": "insert_tstamp",
              "filter": {
                "boolean": {
                  "condition": ""
                },
                "date": {
                  "condition": "",
                  "value": ""
                },
                "enabled": true,
                "number": {
                  "condition": "",
                  "value": ""
                },
                "string": {
                  "condition": "",
                  "value": ""
                },
                "visible": "on-hover"
              },
              "footer": {
                "align": "center",
                "justify": "left",
                "style": {
                  "classes": ""
                },
                "title": ""
              },
              "header": {
                "align": "center",
                "justify": "left",
                "style": {
                  "classes": ""
                },
                "title": ""
              },
              "justify": "auto",
              "nullFormat": {
                "includeNullStrings": false,
                "nullFormatValue": "",
                "strict": false
              },
              "number": "value",
              "numberFormat": "0,0.##",
              "progressBar": {
                "bar": {
                  "color": "",
                  "style": {
                    "classes": ""
                  }
                },
                "max": 100,
                "min": 0,
                "track": {
                  "color": "",
                  "style": {
                    "classes": ""
                  }
                },
                "value": {
                  "enabled": true,
                  "format": "0,0.##",
                  "justify": "center",
                  "style": {
                    "classes": ""
                  }
                }
              },
              "render": "auto",
              "resizable": true,
              "sort": "none",
              "sortable": true,
              "strictWidth": false,
              "style": {
                "classes": ""
              },
              "toggleSwitch": {
                "color": {
                  "selected": "",
                  "unselected": ""
                }
              },
              "viewParams": {},
              "viewPath": "",
              "visible": false,
              "width": ""
            },
            {
              "align": "center",
              "boolean": "checkbox",
              "dateFormat": "MM/DD/YYYY",
              "editable": false,
              "field": "fk_update_user_id",
              "filter": {
                "boolean": {
                  "condition": ""
                },
                "date": {
                  "condition": "",
                  "value": ""
                },
                "enabled": true,
                "number": {
                  "condition": "",
                  "value": ""
                },
                "string": {
                  "condition": "",
                  "value": ""
                },
                "visible": "on-hover"
              },
              "footer": {
                "align": "center",
                "justify": "left",
                "style": {
                  "classes": ""
                },
                "title": ""
              },
              "header": {
                "align": "center",
                "justify": "left",
                "style": {
                  "classes": ""
                },
                "title": ""
              },
              "justify": "auto",
              "nullFormat": {
                "includeNullStrings": false,
                "nullFormatValue": "",
                "strict": false
              },
              "number": "value",
              "numberFormat": "0,0.##",
              "progressBar": {
                "bar": {
                  "color": "",
                  "style": {
                    "classes": ""
                  }
                },
                "max": 100,
                "min": 0,
                "track": {
                  "color": "",
                  "style": {
                    "classes": ""
                  }
                },
                "value": {
                  "enabled": true,
                  "format": "0,0.##",
                  "justify": "center",
                  "style": {
                    "classes": ""
                  }
                }
              },
              "render": "auto",
              "resizable": true,
              "sort": "none",
              "sortable": true,
              "strictWidth": false,
              "style": {
                "classes": ""
              },
              "toggleSwitch": {
                "color": {
                  "selected": "",
                  "unselected": ""
                }
              },
              "viewParams": {},
              "viewPath": "",
              "visible": false,
              "width": ""
            },
            {
              "align": "center",
              "boolean": "checkbox",
              "dateFormat": "MM/DD/YYYY",
              "editable": false,
              "field": "update_tstamp",
              "filter": {
                "boolean": {
                  "condition": ""
                },
                "date": {
                  "condition": "",
                  "value": ""
                },
                "enabled": true,
                "number": {
                  "condition": "",
                  "value": ""
                },
                "string": {
                  "condition": "",
                  "value": ""
                },
                "visible": "on-hover"
              },
              "footer": {
                "align": "center",
                "justify": "left",
                "style": {
                  "classes": ""
                },
                "title": ""
              },
              "header": {
                "align": "center",
                "justify": "left",
                "style": {
                  "classes": ""
                },
                "title": ""
              },
              "justify": "auto",
              "nullFormat": {
                "includeNullStrings": false,
                "nullFormatValue": "",
                "strict": false
              },
              "number": "value",
              "numberFormat": "0,0.##",
              "progressBar": {
                "bar": {
                  "color": "",
                  "style": {
                    "classes": ""
                  }
                },
                "max": 100,
                "min": 0,
                "track": {
                  "color": "",
                  "style": {
                    "classes": ""
                  }
                },
                "value": {
                  "enabled": true,
                  "format": "0,0.##",
                  "justify": "center",
                  "style": {
                    "classes": ""
                  }
                }
              },
              "render": "auto",
              "resizable": true,
              "sort": "none",
              "sortable": true,
              "strictWidth": false,
              "style": {
                "classes": ""
              },
              "toggleSwitch": {
                "color": {
                  "selected": "",
                  "unselected": ""
                }
              },
              "viewParams": {},
              "viewPath": "",
              "visible": false,
              "width": ""
            }
          ],
          "headerStyle": {
            "height": "50px"
          }
        },
        "scripts": {
          "customMethods": [
            {
              "name": "SetColumns",
              "params": [
                "value"
              ],
              "script": "\ttrue \u003d True\n\tfalse \u003d False\n\ttry:\n\t\tcolumns \u003d system.dataset.getColumnHeaders(value)\n\texcept:\n\t\tcolumns \u003d value[0].keys()\n\t\n\toutput \u003d []\n\tfor col in columns:\n\t\tcolobject \u003d {\"field\":col,\"visible\":true,\"editable\":false,\"render\":\"auto\",\"justify\":\"auto\",\"align\":\"center\",\"resizable\":true,\"sortable\":true,\"sort\":\"none\",\"filter\":{\"enabled\":true,\"visible\":\"on-hover\",\"string\":{\"condition\":\"\",\"value\":\"\"},\"number\":{\"condition\":\"\",\"value\":\"\"},\"boolean\":{\"condition\":\"\"},\"date\":{\"condition\":\"\",\"value\":\"\"}},\"viewPath\":\"\",\"viewParams\":{},\"boolean\":\"checkbox\",\"number\":\"value\",\"progressBar\":{\"max\":100,\"min\":0,\"bar\":{\"color\":\"\",\"style\":{\"classes\":\"\"}},\"track\":{\"color\":\"\",\"style\":{\"classes\":\"\"}},\"value\":{\"enabled\":true,\"format\":\"0,0.##\",\"justify\":\"center\",\"style\":{\"classes\":\"\"}}},\"toggleSwitch\":{\"color\":{\"selected\":\"\",\"unselected\":\"\"}},\"nullFormat\":{\"includeNullStrings\":false,\"strict\":false,\"nullFormatValue\":\"\"},\"numberFormat\":\"0,0.##\",\"dateFormat\":\"MM/DD/YYYY\",\"width\":\"\",\"strictWidth\":false,\"style\":{\"classes\":\"\"},\"header\":{\"title\":\"\",\"justify\":\"left\",\"align\":\"center\",\"style\":{\"classes\":\"\"}},\"footer\":{\"title\":\"\",\"justify\":\"left\",\"align\":\"center\",\"style\":{\"classes\":\"\"}}}\n\t\t\n#\t\tset individual column settings one by one here:\n\t\tif col \u003d\u003d \"equipment_name\":\n\t\t\tcolobject[\u0027render\u0027] \u003d \"view\"\n\t\t\tcolobject[\u0027viewPath\u0027] \u003d \"common/embed/textfield\"\n\t\t\tcolobject[\u0027viewParams\u0027][\u0027source\u0027] \u003d self.custom.tableID\n\t\t\tcolobject[\u0027viewParams\u0027][\u0027isRequired\u0027] \u003d True\n\t\t\tcolobject[\u0027header\u0027][\u0027title\u0027] \u003d \"Equipment\"\n\t\telif col \u003d\u003d \"equipment_description\":\n\t\t\tcolobject[\u0027render\u0027] \u003d \"view\"\n\t\t\tcolobject[\u0027viewPath\u0027] \u003d \"common/embed/textfield\"\n\t\t\tcolobject[\u0027viewParams\u0027][\u0027source\u0027] \u003d self.custom.tableID\n\t\t\tcolobject[\u0027viewParams\u0027][\u0027isRequired\u0027] \u003d False\n\t\t\tcolobject[\u0027header\u0027][\u0027title\u0027] \u003d \"Description\"\n\t\telif col \u003d\u003d \"equipment_type\":\n\t\t\tcolobject[\u0027render\u0027] \u003d \"view\"\n\t\t\toptions \u003d system.db.runNamedQuery(\"cmms/getEquipmentTypeDropdown\")\n\t\t\tcolobject[\u0027viewPath\u0027] \u003d \"common/embed/dropdown\"\n\t\t\tcolobject[\u0027viewParams\u0027][\u0027options\u0027] \u003d options\n\t\t\tcolobject[\u0027viewParams\u0027][\u0027source\u0027] \u003d self.custom.tableID\n\t\t\tcolobject[\u0027viewParams\u0027][\u0027isRequired\u0027] \u003d True\n\t\t\tcolobject[\u0027viewParams\u0027][\u0027allowCustomOptions\u0027] \u003d True\n\t\t\tcolobject[\u0027viewParams\u0027][\u0027showClearIcon\u0027] \u003d False\n\t\t\tcolobject[\u0027header\u0027][\u0027title\u0027] \u003d \"Type\"\n\t\telif col \u003d\u003d \"fk_area_id\":\n\t\t\tcolobject[\u0027render\u0027] \u003d \"view\"\n\t\t\toptions \u003d system.db.runNamedQuery(\"cmms/getAreaDropdown\")\n\t\t\tcolobject[\u0027viewPath\u0027] \u003d \"common/embed/dropdown\"\n\t\t\tcolobject[\u0027viewParams\u0027][\u0027options\u0027] \u003d options\n\t\t\tcolobject[\u0027viewParams\u0027][\u0027source\u0027] \u003d self.custom.tableID\n\t\t\tcolobject[\u0027viewParams\u0027][\u0027isRequired\u0027] \u003d True\n\t\t\tcolobject[\u0027viewParams\u0027][\u0027allowCustomOptions\u0027] \u003d False\n\t\t\tcolobject[\u0027viewParams\u0027][\u0027showClearIcon\u0027] \u003d False\n\t\t\tcolobject[\u0027header\u0027][\u0027title\u0027] \u003d \"Area\"\n\t\telif col \u003d\u003d \"memo\":\n\t\t\tcolobject[\u0027render\u0027] \u003d \"view\"\n\t\t\tcolobject[\u0027viewPath\u0027] \u003d \"common/embed/textfield\"\n\t\t\tcolobject[\u0027viewParams\u0027][\u0027source\u0027] \u003d self.custom.tableID\n\t\t\tcolobject[\u0027viewParams\u0027][\u0027isRequired\u0027] \u003d False\n\t\t\tcolobject[\u0027header\u0027][\u0027title\u0027] \u003d \"Memo\"\n\t\telif col \u003d\u003d \"equipment_status\":\n\t\t\tcolobject[\u0027render\u0027] \u003d \"view\"\n\t\t\toptions \u003d system.db.runNamedQuery(\"common/getStatusDropdown\")\n\t\t\tcolobject[\u0027viewPath\u0027] \u003d \"common/embed/dropdown\"\n\t\t\tcolobject[\u0027viewParams\u0027][\u0027options\u0027] \u003d options\n\t\t\tcolobject[\u0027viewParams\u0027][\u0027source\u0027] \u003d self.custom.tableID\n\t\t\tcolobject[\u0027viewParams\u0027][\u0027isRequired\u0027] \u003d True\n\t\t\tcolobject[\u0027viewParams\u0027][\u0027allowCustomOptions\u0027] \u003d False\n\t\t\tcolobject[\u0027viewParams\u0027][\u0027showClearIcon\u0027] \u003d False\n\t\t\tcolobject[\u0027header\u0027][\u0027title\u0027] \u003d \"Status\"\n\t\t\t\n\t\t\n#\t\tset visible columns\n\t\tif col in [\"equipment_name\",\"equipment_description\",\"equipment_type\",\"equipment_status\",\"fk_area_id\",\"memo\"]:\n\t\t\tcolobject[\u0027visible\u0027] \u003d True\n\t\telse:\n\t\t\tcolobject[\u0027visible\u0027] \u003d False\n\t\t\n\t\toutput.append(colobject)\n\tself.props.columns \u003d output\n\treturn output"
            }
          ],
          "extensionFunctions": null,
          "messageHandlers": [
            {
              "messageType": "RefreshData",
              "pageScope": true,
              "script": "\tself.refreshBinding(\"props.data\")",
              "sessionScope": false,
              "viewScope": false
            },
            {
              "messageType": "ColumnAction",
              "pageScope": true,
              "script": "\tsource \u003d payload[\u0027source\u0027]\n\taction \u003d payload[\u0027action\u0027]\n\trowData \u003d payload[\u0027rowData\u0027]\n\trowIndex \u003d int(payload[\u0027rowIndex\u0027])\n\tcolumn \u003d payload[\u0027column\u0027]\n\t\n\tcolumns \u003d self.props.columns\n\t\n\tif source \u003d\u003d self.custom.tableID:\n\t\tif action \u003d\u003d \"update\":\n\t\t\tnewValue \u003d {\n\t\t\t\t\t\t\"value\":payload[\u0027newValue\u0027], \n\t\t\t\t\t\t\"action\":\"update\",\n\t\t\t\t\t\t\"enabled\":True, \n\t\t\t\t\t\t\"display\":True,\n\t\t\t\t\t\t\"style\": {\"background-color\":\"var(--warningSecondary)\"}\n\t\t\t\t\t\t}\n\t\t\t\n\t\t\tself.props.data[rowIndex][column] \u003d newValue\n\t\t\tself.props.data[rowIndex][\"updateMe\"] \u003d True\n\t\t\t\n\t\t\tfor col in columns:\n\t\t\t\tcolName \u003d col.field\n\t\t\t\tself.props.data[rowIndex][colName][\"style\"][\"background-color\"] \u003d \"var(--warningSecondary)\"",
              "sessionScope": false,
              "viewScope": false
            }
          ]
        },
        "type": "ia.display.table"
      }
    ],
    "meta": {
      "name": "root"
    },
    "props": {
      "direction": "column",
      "style": {
        "margin": "0 auto",
        "max-width": "1200px",
        "overflow": "visible"
      }
    },
    "type": "ia.container.flex"
  }
}