{
  "custom": {
    "payload": {},
    "value": {}
  },
  "params": {
    "column": "",
    "isRequired": false,
    "placeholder": "",
    "rowData": {},
    "rowIndex": "",
    "source": "",
    "value": ""
  },
  "propConfig": {
    "custom.payload": {
      "persistent": true
    },
    "custom.payload.action": {
      "binding": {
        "config": {
          "path": "view.custom.value.action"
        },
        "type": "property"
      }
    },
    "custom.payload.column": {
      "binding": {
        "config": {
          "path": "view.params.column"
        },
        "type": "property"
      }
    },
    "custom.payload.newValue": {
      "binding": {
        "config": {
          "path": "/root/TextField.props.text"
        },
        "type": "property"
      }
    },
    "custom.payload.rowData": {
      "binding": {
        "config": {
          "path": "view.params.rowData"
        },
        "type": "property"
      }
    },
    "custom.payload.rowIndex": {
      "binding": {
        "config": {
          "expression": "{view.params.rowIndex}"
        },
        "type": "expr"
      }
    },
    "custom.payload.source": {
      "binding": {
        "config": {
          "path": "view.params.source"
        },
        "type": "property"
      }
    },
    "custom.value": {
      "persistent": true
    },
    "custom.value.action": {
      "binding": {
        "config": {
          "expression": "COALESCE({view.params.value.action},\"update\")"
        },
        "type": "expr"
      }
    },
    "custom.value.display": {
      "binding": {
        "config": {
          "expression": "COALESCE({view.params.value.display},True)"
        },
        "type": "expr"
      }
    },
    "custom.value.enabled": {
      "binding": {
        "config": {
          "expression": "COALESCE({view.params.value.enabled},True)"
        },
        "type": "expr"
      }
    },
    "custom.value.value": {
      "binding": {
        "config": {
          "expression": "try({view.params.value}[\"value\"],{view.params.value})"
        },
        "type": "expr"
      }
    },
    "params.column": {
      "paramDirection": "input",
      "persistent": true
    },
    "params.isRequired": {
      "paramDirection": "input",
      "persistent": true
    },
    "params.placeholder": {
      "paramDirection": "input",
      "persistent": true
    },
    "params.rowData": {
      "paramDirection": "input",
      "persistent": true
    },
    "params.rowIndex": {
      "paramDirection": "input",
      "persistent": true
    },
    "params.source": {
      "paramDirection": "input",
      "persistent": true
    },
    "params.value": {
      "paramDirection": "input",
      "persistent": true
    }
  },
  "props": {
    "defaultSize": {
      "height": 50,
      "width": 200
    }
  },
  "root": {
    "children": [
      {
        "meta": {
          "name": "TextField"
        },
        "position": {
          "basis": "32px",
          "grow": 1
        },
        "propConfig": {
          "position.display": {
            "binding": {
              "config": {
                "expression": "{view.custom.value.display}"
              },
              "type": "expr"
            }
          },
          "props.enabled": {
            "binding": {
              "config": {
                "expression": "{view.custom.value.enabled}"
              },
              "type": "expr"
            }
          },
          "props.placeholder": {
            "binding": {
              "config": {
                "path": "view.params.placeholder"
              },
              "type": "property"
            }
          },
          "props.style.classes": {
            "binding": {
              "config": {
                "expression": "if(!{this.props.enabled},\"tableInputField__disabled\",\r\n\tcase({this.props.text},\r\n\t\"\", if({view.params.isRequired},\"tableInputField__required\",\"tableInputField\"),\r\n\t\"tableInputField\"\r\n\t)\r\n)"
              },
              "type": "expr"
            }
          },
          "props.text": {
            "binding": {
              "config": {
                "expression": "COALESCE({view.custom.value.value},\"\")\r\n//{view.params.rowData}"
              },
              "type": "expr"
            },
            "onChange": {
              "enabled": null,
              "script": "\tif origin !\u003d \"Binding\":\n\t\tif currentValue.value !\u003d previousValue.value:\n\t\t\tpayload \u003d self.view.custom.payload\n\t\t\tsystem.perspective.sendMessage(messageType\u003d\"ColumnAction\", payload\u003dpayload, scope\u003d\"page\")"
            }
          }
        },
        "props": {
          "style": {}
        },
        "type": "ia.input.text-field"
      }
    ],
    "meta": {
      "name": "root"
    },
    "props": {
      "direction": "column"
    },
    "type": "ia.container.flex"
  }
}